{
  "entrypoints": [
    "main"
  ],
  "origins": {
    "75": [
      532,
      592,
      75
    ],
    "845": [
      85,
      89,
      103,
      514,
      532,
      592,
      610,
      845
    ],
    "17896441": [
      532,
      592,
      918
    ],
    "main": [
      303,
      532,
      179
    ],
    "runtime~main": [
      179,
      532,
      303
    ],
    "01a85c17": [
      532,
      592,
      13
    ],
    "1be78505": [
      532,
      592,
      845,
      75
    ],
    "1db64337": [
      592,
      372
    ],
    "1f391b9e": [
      532,
      592,
      845,
      85
    ],
    "551b0f18": [
      592,
      910
    ],
    "631037e5": [
      801
    ],
    "6875c492": [
      532,
      592,
      845,
      610
    ],
    "814f3328": [
      535
    ],
    "8438b363": [
      592,
      264
    ],
    "8606f22e": [
      47
    ],
    "925b3f96": [
      592,
      3
    ],
    "935f2afb": [
      53
    ],
    "9e4087bc": [
      532,
      592,
      608
    ],
    "a6aa9e1f": [
      532,
      592,
      845,
      89
    ],
    "a7023ddc": [
      713
    ],
    "b2b675dd": [
      533
    ],
    "b2f554cd": [
      477
    ],
    "b972f8c0": [
      592,
      683
    ],
    "c4f5d8e4": [
      532,
      592,
      195
    ],
    "ccc49370": [
      532,
      592,
      845,
      103
    ],
    "e273c56f": [
      592,
      362
    ],
    "styles": [
      13,
      75,
      85,
      89,
      103,
      179,
      195,
      303,
      514,
      592,
      608,
      610,
      845,
      918,
      532
    ],
    "common": [
      3,
      13,
      75,
      85,
      89,
      103,
      195,
      264,
      362,
      372,
      514,
      532,
      608,
      610,
      683,
      845,
      910,
      918,
      592
    ]
  },
  "assets": {
    "3": {
      "js": [
        {
          "file": "assets/js/925b3f96.24307c39.js",
          "hash": "62b32c39413e599dc027",
          "publicPath": "/assets/js/925b3f96.24307c39.js"
        }
      ]
    },
    "13": {
      "js": [
        {
          "file": "assets/js/01a85c17.1474b860.js",
          "hash": "b944388b6369b64bcb9b",
          "publicPath": "/assets/js/01a85c17.1474b860.js"
        }
      ]
    },
    "47": {
      "js": [
        {
          "file": "assets/js/8606f22e.1274eb9c.js",
          "hash": "c6734ee3962fac1a37b0",
          "publicPath": "/assets/js/8606f22e.1274eb9c.js"
        }
      ]
    },
    "53": {
      "js": [
        {
          "file": "assets/js/935f2afb.f46a0b21.js",
          "hash": "28768ffa386043a808b3",
          "publicPath": "/assets/js/935f2afb.f46a0b21.js"
        }
      ]
    },
    "75": {
      "js": [
        {
          "file": "assets/js/75.bd41310d.js",
          "hash": "9e4b5dd66d10051b7921",
          "publicPath": "/assets/js/75.bd41310d.js"
        },
        {
          "file": "assets/js/1be78505.e176bf1f.js",
          "hash": "2c0567b5d3ee43d3a603",
          "publicPath": "/assets/js/1be78505.e176bf1f.js"
        }
      ]
    },
    "85": {
      "js": [
        {
          "file": "assets/js/1f391b9e.657cf6d9.js",
          "hash": "a5818fb9488b45f9ae75",
          "publicPath": "/assets/js/1f391b9e.657cf6d9.js"
        }
      ]
    },
    "89": {
      "js": [
        {
          "file": "assets/js/a6aa9e1f.19befc65.js",
          "hash": "2e75a02e8220892ffa78",
          "publicPath": "/assets/js/a6aa9e1f.19befc65.js"
        }
      ]
    },
    "103": {
      "js": [
        {
          "file": "assets/js/ccc49370.ee755300.js",
          "hash": "05da214911baeb7933aa",
          "publicPath": "/assets/js/ccc49370.ee755300.js"
        }
      ]
    },
    "179": {
      "js": [
        {
          "file": "assets/js/main.120b320d.js",
          "hash": "05216f50e22ea6cd2d32",
          "publicPath": "/assets/js/main.120b320d.js"
        }
      ]
    },
    "195": {
      "js": [
        {
          "file": "assets/js/c4f5d8e4.f8e1dcab.js",
          "hash": "914cb309741464e27eaa",
          "publicPath": "/assets/js/c4f5d8e4.f8e1dcab.js"
        }
      ]
    },
    "264": {
      "js": [
        {
          "file": "assets/js/8438b363.6f0e6450.js",
          "hash": "6fac7466394c8c83560d",
          "publicPath": "/assets/js/8438b363.6f0e6450.js"
        }
      ]
    },
    "303": {
      "js": [
        {
          "file": "assets/js/runtime~main.27e0e113.js",
          "hash": "47d89d8c9f7528d0d487",
          "publicPath": "/assets/js/runtime~main.27e0e113.js"
        }
      ]
    },
    "362": {
      "js": [
        {
          "file": "assets/js/e273c56f.4a6e6216.js",
          "hash": "2c067a1b9862fce40b55",
          "publicPath": "/assets/js/e273c56f.4a6e6216.js"
        }
      ]
    },
    "372": {
      "js": [
        {
          "file": "assets/js/1db64337.3bbccfa0.js",
          "hash": "ab004864024af2c26c63",
          "publicPath": "/assets/js/1db64337.3bbccfa0.js"
        }
      ]
    },
    "477": {
      "js": [
        {
          "file": "assets/js/b2f554cd.5bad7bcf.js",
          "hash": "265cef88d2dc414a33b3",
          "publicPath": "/assets/js/b2f554cd.5bad7bcf.js"
        }
      ]
    },
    "532": {
      "css": [
        {
          "file": "assets/css/styles.0bb13b86.css",
          "hash": "4aaa023a6d8909c092e7",
          "publicPath": "/assets/css/styles.0bb13b86.css"
        }
      ]
    },
    "533": {
      "js": [
        {
          "file": "assets/js/b2b675dd.a52d2b8a.js",
          "hash": "c902dbae13a4f8355cc8",
          "publicPath": "/assets/js/b2b675dd.a52d2b8a.js"
        }
      ]
    },
    "535": {
      "js": [
        {
          "file": "assets/js/814f3328.3dfdc94f.js",
          "hash": "e5088303cf2057aaea3f",
          "publicPath": "/assets/js/814f3328.3dfdc94f.js"
        }
      ]
    },
    "592": {
      "js": [
        {
          "file": "assets/js/common.c8433d0b.js",
          "hash": "96a3c3be2af9628a5091",
          "publicPath": "/assets/js/common.c8433d0b.js"
        }
      ]
    },
    "608": {
      "js": [
        {
          "file": "assets/js/9e4087bc.065d5079.js",
          "hash": "d800d493a475c95bf18f",
          "publicPath": "/assets/js/9e4087bc.065d5079.js"
        }
      ]
    },
    "610": {
      "js": [
        {
          "file": "assets/js/6875c492.e8a1557d.js",
          "hash": "3e8022e35f537220ea1d",
          "publicPath": "/assets/js/6875c492.e8a1557d.js"
        }
      ]
    },
    "683": {
      "js": [
        {
          "file": "assets/js/b972f8c0.bc28ae06.js",
          "hash": "12479ed9c25531bb2340",
          "publicPath": "/assets/js/b972f8c0.bc28ae06.js"
        }
      ]
    },
    "713": {
      "js": [
        {
          "file": "assets/js/a7023ddc.9efc3c19.js",
          "hash": "269d47ab26cc3a0c5176",
          "publicPath": "/assets/js/a7023ddc.9efc3c19.js"
        }
      ]
    },
    "801": {
      "js": [
        {
          "file": "assets/js/631037e5.6a3c92a7.js",
          "hash": "4f0c733b33f5de002a04",
          "publicPath": "/assets/js/631037e5.6a3c92a7.js"
        }
      ]
    },
    "845": {
      "js": [
        {
          "file": "assets/js/845.9e0a2b4c.js",
          "hash": "f0a54861713cbee91991",
          "publicPath": "/assets/js/845.9e0a2b4c.js"
        }
      ]
    },
    "910": {
      "js": [
        {
          "file": "assets/js/551b0f18.f80dc917.js",
          "hash": "25dac28a40f372285d9c",
          "publicPath": "/assets/js/551b0f18.f80dc917.js"
        }
      ]
    },
    "918": {
      "js": [
        {
          "file": "assets/js/17896441.449631b5.js",
          "hash": "c0fb85ef6ef2fba270ea",
          "publicPath": "/assets/js/17896441.449631b5.js"
        }
      ]
    }
  }
}